Protein Name, accCF, accCFHelices, accCFSheets, accCFCoils, accGor, accGorHelices, accGorSheets, accGorCoils
5LOSA,0.5932203389830508,0.6341463414634146,NaN,0.5,0.8050847457627118,0.7439024390243902,NaN,0.9444444444444444
5LSFA,0.37037037037037035,0.125,0,0.6304347826086957,0.5637860082304527,0.08333333333333333,0.6049382716049383,0.6231884057971014
5ZYUA,0.4094488188976378,0.23300970873786409,0.20454545454545456,0.6635514018691588,0.5039370078740157,0.4563106796116505,0.4318181818181818,0.5794392523364486
6AR0A,0.2642857142857143,NaN,0,0.5,0.5214285714285715,NaN,0.36363636363636365,0.6621621621621622
6EK7A,0.5463414634146342,0.45962732919254656,NaN,0.8636363636363636,0.4585365853658537,0.4813664596273292,NaN,0.375
6EXPC,0.21153846153846154,0.38095238095238093,0,0.4,0.4230769230769231,1,0.10416666666666667,0.5142857142857142
6HCPB,0.2776203966005666,0.40789473684210525,0.008547008547008548,0.5806451612903226,0.4348441926345609,0.2894736842105263,0.3418803418803419,0.5913978494623656